{
    "id": 206,
    "type": "SN", 
    "author": "IDMIL",
    "color": "Blue",
    "APpasswd": "mappings",
    "lastConnectedNetwork": "noisebox",
    "lastStoredPsk": "noisebox",
    "firmware": 200422,
    "osc": 1,
    "oscIP1": "192.168.1.112",
    "oscPORT1": 8000,
    "oscIP2": "0.0.0.0",
    "oscPORT2": 8000,
    "libmapper": 0,
    "FSRoffset": 0,
    "touchMask0": [
        255,
        255
    ],
    "touchMask1": [
        255,
        255
    ],
    "touchMask2": [
        255,
        255
    ],
    "touchMask3": [
        255,
        255
    ],
    "abias": [ 
        -18.7934398651,
        -6.3266038895,
        3.7292299271
    ],
    "mbias": [ 
        -118.3059997559,
        564.1234130859,
        136.8038940430
    ],
    "gbias": [ 
        0.0597349964,
        0.0235189982,
        0.0465810001
    ],
    "acclcalibration": [
        0.0007360000,
        0.0000020234,
        0.0000004800,
        0.0000000000,
        0.0007419999,
        0.0000073919,
        0.0000000000,
        0.0000000000,
        0.0007330000 
    ],
    "gyrocalibration": [
        1.0000000000,
        0.0000000000,
        0.0000000000,
        0.0000000000,
        0.0000000000,
        0.0000000000,
        0.0000000000,
        0.0000000000,
        0.0000000000
    ],
    "magncalibration": [ 
        0.0000000000,
        0.0000000000,
        0.0000000000,
        0.0000000000,
        0.0000000000,
        0.0000000000,
        0.0000000000,
        0.0000000000,
        0.0000000000 
    ]
}